id,internal_code
product.product_product_8,2
product.product_product_6,3
product.product_product_4,4
product.product_product_4b,5
product.product_product_4c,6
product.product_product_11,7
product.product_product_11b,8
product.product_product_7,9
product.product_product_48,10
product.product_product_9,11
product.product_product_5b,12
product.product_product_5,13
product.product_product_24,14
product.product_product_16,15
product.product_product_35,16
product.product_product_23,17
product.product_product_22,18
product.product_product_46,19
product.product_product_36,20
product.product_product_28,21
product.product_product_44,22
product.product_product_19,23
product.product_product_17,24
product.product_product_18,25
product.product_product_32,26
product.product_product_33,27
product.product_product_38,28
product.product_product_27,29
product.product_product_25,30
product.product_product_26,31
product.product_product_21,32
product.product_product_20,33
product.product_product_31,34
product.product_product_10,35
product.product_product_12,36
product.product_product_42,37
product.product_product_3,38
product.product_product_29,39
product.product_product_30,40
product.product_product_37,41
product.product_product_14,42
product.product_product_15,43
product.product_product_13,44
product.product_product_45,45
product.product_product_47,46
product.product_product_39,47
product.product_product_34,48
product.product_product_40,49
product.product_product_41,50
product.product_product_43,51
product.product_product_2,52
product.product_product_1,53
product.product_product_consultant,54
